{
  "component-dependencies": {
    "oj-sp": {
      "version": "2404.8.0",
      "components": {
        "advanced-create-edit": "2404.8.0",
        "advanced-create-edit-pattern": "2404.8.0",
        "analytics-canvas": "2404.8.0",
        "attachments-viewer": "2404.8.0",
        "bottom-drawer-template": "2404.8.0",
        "calendar": "2404.8.0",
        "canvas-page": "2404.8.0",
        "card": "2404.8.0",
        "collection-container": "2404.8.0",
        "collection-container-advanced": "2404.8.0",
        "collection-detail-page": "2404.8.0",
        "collection-detail-page-pattern": "2404.8.0",
        "collection-toolbar": "2404.8.0",
        "completion-panel": "2404.8.0",
        "create-edit-drawer-template": "2404.8.0",
        "dashboard-grid": "2404.8.0",
        "dashboard-landing-page": "2404.8.0",
        "dashboard-landing-page-pattern": "2404.8.0",
        "data-management-page": "2404.8.0",
        "data-grid-ui-pattern": "2404.8.0",
        "dashboard-panel": "2404.8.0",
        "detail-panel": "2404.8.0",
        "empty-state": "2404.8.0",
        "expandable-list-item": "2404.8.0",
        "expanded-hover-card": "2404.8.0",
        "diagram-builder": "2404.8.0",
        "diagram-node": "2404.8.0",
        "dynamic-dashboard-grid": "2404.8.0",
        "dynamic-foldout-page": "2404.8.0",
        "dynamic-scoreboard": "2404.8.0",
        "foldout-layout": "2404.8.0",
        "foldout-layout-horizontal-pattern": "2404.8.0",
        "foldout-layout-vertical-pattern": "2404.8.0",
        "foldout-panel": "2404.8.0",
        "foldout-panel-overflow": "2404.8.0",
        "foldout-panel-summarizing": "2404.8.0",
        "gantt-page-pattern": "2404.8.0",
        "general-drawer-template": "2404.8.0",
        "general-overview-page": "2404.8.0",
        "general-overview-page-pattern": "2404.8.0",
        "guided-process": "2404.8.0",
        "guided-process-drawer-template": "2404.8.0",
        "guided-process-pattern": "2404.8.0",
        "hierarchy-card": "2404.8.0",
        "hierarchy-card-info": "2404.8.0",
        "hierarchy-viewer": "2404.8.0",
        "hierarchy-viewer-pattern": "2404.8.0",
        "horizontal-overview": "2404.8.0",
        "in-app-navigation": "2404.8.0",
        "information-organizer": "2404.8.0",
        "input-address": "2404.8.0",
        "input-currency": "2404.8.0",
        "input-currency-conversion-rate": "2404.8.0",
        "input-email": "2404.8.0",
        "input-key-flex-field": "2404.8.0",
        "input-phone-number": "2404.8.0",
        "input-rich-text-2": "2404.8.0",
        "input-url": "2404.8.0",
        "item-gauge": "2404.8.0",
        "item-overview": "2404.8.0",
        "item-overview-page": "2404.8.0",
        "item-overview-page-pattern": "2404.8.0",
        "item-overview-pattern": "2404.8.0",
        "list-item-template": "2404.8.0",
        "list-section": "2404.8.0",
        "message-banner-unsaved-changes": "2404.8.0",
        "message-dialog-destructive": "2404.8.0",
        "message-dialog-general": "2404.8.0",
        "message-unsaved-changes": "2404.8.0",
        "messages-banner": "2404.8.0",
        "messages-toast": "2404.8.0",
        "metric-card": "2404.8.0",
        "object-card": "2404.8.0",
        "profile-card": "2404.8.0",
        "recommendation-card": "2404.8.0",
        "scoreboard": "2404.8.0",
        "scoreboard-metric-card": "2404.8.0",
        "section": "2404.8.0",
        "selection-chart-card": "2404.8.0",
        "select-single-currency": "2404.8.0",
        "select-single-item-template": "2404.8.0",
        "simple-create-edit": "2404.8.0",
        "simple-create-edit-pattern": "2404.8.0",
        "smart-filters": "2404.8.0",
        "smart-search-page": "2404.8.0",
        "smart-search-page-pattern": "2404.8.0",
        "smart-search": "2404.8.0",
        "smart-select-single": "2404.8.0",
        "summarizing-collection": "2404.8.0",
        "task-card": "2404.8.0",
        "thumbnail": "2404.8.0",
        "timeline-event-template": "2404.8.0",
        "vertical-anchor-navigator": "2404.8.0",
        "vertical-overview": "2404.8.0",
        "welcome-page": "2404.8.0",
        "welcome-page-pattern": "2404.8.0",
        "output-rich-text": "2404.8.0"
      }
    },
    "oj-dynamic": {
      "version": "15.1.10",
      "components": {
        "container": "15.1.10",
        "form": "15.1.10",
        "table": "15.1.10"
      }
    }
  }
}
