{
    "backends": {
        "GenAIService": {
            "servers": [
                {
                    "url": "https://inference.generativeai.us-chicago-1.oci.oraclecloud.com/20231130",
                    "description": "GenAI Service API Chicago Endpoint",
                    "x-vb": {
                        "authentication": {
                            "authenticated": {
                                "type": "http_signature_oci",
                                "credentials": "vb_6e2d6e5a-47c0-4fc9-834f-acece020ff3a"
                            }
                        }
                    }
                }
            ]
        }
      }
}