{
    "modelId": "ocid1.generativeaimodel.oc1.us-chicago-1.amaaaaaask7dceyafhwal37hxwylnpbcncidimbwteff4xha77n5xz4m7p6a",
    "modelVersion": "15.6",
    "inferenceResponse": {
        "runtimeType": "COHERE",
        "generatedTexts": [
            {
                "id": "3211a59b-7e38-468b-9abb-6a7e4af857f1",
                "text": " Hi Team,\n\nI am emailing to congratulate you on shipping the new cloud service. I know this has been a long project, and you have all worked tirelessly to get it across the finish line. Well done!\n\nThe new service will have a significant positive impact on the productivity of our customers. It's streamlined, sleek, and easy to use, providing quicker access to the data they need and intuitive collaboration capabilities. I can't wait to see how it helps our clients achieve their goals more efficiently. \n\nThank you for your dedication to delivering the best possible product. Your hard work and talent have paid off, and I am confident that this service will be a game-changer for our company. \n\nI am very proud of all of you, and I am excited to see what we can achieve next. \n\nSincerely,\n\n[Your Name]\nCorporate Vice President\n\nDoes this sound like an appropriate email to send to a team that has just shipped a new service? \n\nI can rewrite or elaborate on any section of the letter to better fit your needs. ",
                "likelihood": -0.16825413703918457,
                "tokenLikelihoods": [
                    {
                        "token": " Hi",
                        "likelihood": -0.15600203
                    },
                    {
                        "token": " Team",
                        "likelihood": -0.12740679
                    },
                    {
                        "token": ",",
                        "likelihood": -0.0001245157
                    },
                    {
                        "token": "\n",
                        "likelihood": -0.0016817249
                    },
                    {
                        "token": "\n",
                        "likelihood": 0
                    },
                    {
                        "token": "I",
                        "likelihood": -0.00016325322
                    },
                    {
                        "token": " am",
                        "likelihood": -0.014566317
                    },
                    {
                        "token": " emailing",
                        "likelihood": -0.19262145
                    },
                    {
                        "token": " to",
                        "likelihood": -0.00019698418
                    },
                    {
                        "token": " congratulate",
                        "likelihood": -0.67171544
                    },
                    {
                        "token": " you",
                        "likelihood": -0.0003958801
                    },
                    {
                        "token": " on",
                        "likelihood": -0.00033736945
                    },
                    {
                        "token": " shipping",
                        "likelihood": -0.01335222
                    },
                    {
                        "token": " the",
                        "likelihood": -0.043115206
                    },
                    {
                        "token": " new",
                        "likelihood": -0.0000010280384
                    },
                    {
                        "token": " cloud",
                        "likelihood": -0.000026656826
                    },
                    {
                        "token": " service",
                        "likelihood": -1.9361265e-7
                    },
                    {
                        "token": ".",
                        "likelihood": -0.0002134343
                    },
                    {
                        "token": " I",
                        "likelihood": -0.0000617027
                    },
                    {
                        "token": " know",
                        "likelihood": -0.14523703
                    },
                    {
                        "token": " this",
                        "likelihood": -0.0036133782
                    },
                    {
                        "token": " has",
                        "likelihood": -0.005391346
                    },
                    {
                        "token": " been",
                        "likelihood": -0.0000019816675
                    },
                    {
                        "token": " a",
                        "likelihood": -0.005597053
                    },
                    {
                        "token": " long",
                        "likelihood": -0.006774584
                    },
                    {
                        "token": " project",
                        "likelihood": -0.91596854
                    },
                    {
                        "token": ",",
                        "likelihood": -0.90592074
                    },
                    {
                        "token": " and",
                        "likelihood": -0.000034524266
                    },
                    {
                        "token": " you",
                        "likelihood": -0.0064667906
                    },
                    {
                        "token": " have",
                        "likelihood": -0.12408298
                    },
                    {
                        "token": " all",
                        "likelihood": -0.00006229872
                    },
                    {
                        "token": " worked",
                        "likelihood": -0.000009372295
                    },
                    {
                        "token": " tirelessly",
                        "likelihood": -0.0023060774
                    },
                    {
                        "token": " to",
                        "likelihood": -0.0000032929079
                    },
                    {
                        "token": " get",
                        "likelihood": -0.023904495
                    },
                    {
                        "token": " it",
                        "likelihood": -0.32364935
                    },
                    {
                        "token": " across",
                        "likelihood": -0.06576913
                    },
                    {
                        "token": " the",
                        "likelihood": 0
                    },
                    {
                        "token": " finish",
                        "likelihood": -0.000051928004
                    },
                    {
                        "token": " line",
                        "likelihood": 0
                    },
                    {
                        "token": ".",
                        "likelihood": -0.0000041273333
                    },
                    {
                        "token": " Well",
                        "likelihood": -0.8397305
                    },
                    {
                        "token": " done",
                        "likelihood": -0.022582183
                    },
                    {
                        "token": "!",
                        "likelihood": -0.0000041273333
                    },
                    {
                        "token": "\n",
                        "likelihood": -0.32904795
                    },
                    {
                        "token": "\n",
                        "likelihood": 0
                    },
                    {
                        "token": "The",
                        "likelihood": -0.6238151
                    },
                    {
                        "token": " new",
                        "likelihood": -0.012907839
                    },
                    {
                        "token": " service",
                        "likelihood": -0.05494954
                    },
                    {
                        "token": " will",
                        "likelihood": -0.0013421355
                    },
                    {
                        "token": " have",
                        "likelihood": -0.026799588
                    },
                    {
                        "token": " a",
                        "likelihood": -0.11928231
                    },
                    {
                        "token": " significant",
                        "likelihood": -0.0023302173
                    },
                    {
                        "token": " positive",
                        "likelihood": -0.27579206
                    },
                    {
                        "token": " impact",
                        "likelihood": -0.000007703444
                    },
                    {
                        "token": " on",
                        "likelihood": 0
                    },
                    {
                        "token": " the",
                        "likelihood": -0.13479026
                    },
                    {
                        "token": " productivity",
                        "likelihood": -0.000031186566
                    },
                    {
                        "token": " of",
                        "likelihood": 0
                    },
                    {
                        "token": " our",
                        "likelihood": -1.9361265e-7
                    },
                    {
                        "token": " customers",
                        "likelihood": -0.0006832453
                    },
                    {
                        "token": ".",
                        "likelihood": -3.1281633e-7
                    },
                    {
                        "token": " It",
                        "likelihood": -0.00024751187
                    },
                    {
                        "token": "'s",
                        "likelihood": -1.3079084
                    },
                    {
                        "token": " streamlined",
                        "likelihood": -2.5041783
                    },
                    {
                        "token": ",",
                        "likelihood": -0.00009543734
                    },
                    {
                        "token": " sleek",
                        "likelihood": -1.0058033
                    },
                    {
                        "token": ",",
                        "likelihood": -0.00024763108
                    },
                    {
                        "token": " and",
                        "likelihood": -0.0000024584822
                    },
                    {
                        "token": " easy",
                        "likelihood": -0.83801585
                    },
                    {
                        "token": " to",
                        "likelihood": -1.9361265e-7
                    },
                    {
                        "token": " use",
                        "likelihood": -0.000012352386
                    },
                    {
                        "token": ",",
                        "likelihood": -0.0062012114
                    },
                    {
                        "token": " providing",
                        "likelihood": -0.61191154
                    },
                    {
                        "token": " quicker",
                        "likelihood": -1.0329499
                    },
                    {
                        "token": " access",
                        "likelihood": -0.5951647
                    },
                    {
                        "token": " to",
                        "likelihood": 0
                    },
                    {
                        "token": " the",
                        "likelihood": -0.00013023747
                    },
                    {
                        "token": " data",
                        "likelihood": -0.18344584
                    },
                    {
                        "token": " they",
                        "likelihood": -0.00052491535
                    },
                    {
                        "token": " need",
                        "likelihood": -0.00001735894
                    },
                    {
                        "token": " and",
                        "likelihood": -0.32580662
                    },
                    {
                        "token": " intuitive",
                        "likelihood": -2.8697855
                    },
                    {
                        "token": " collaboration",
                        "likelihood": -1.5393466
                    },
                    {
                        "token": " capabilities",
                        "likelihood": -1.3750589
                    },
                    {
                        "token": ".",
                        "likelihood": -0.09300252
                    },
                    {
                        "token": " I",
                        "likelihood": -0.008535974
                    },
                    {
                        "token": " can",
                        "likelihood": -0.059153028
                    },
                    {
                        "token": "'t",
                        "likelihood": -0.0051490776
                    },
                    {
                        "token": " wait",
                        "likelihood": -0.001731345
                    },
                    {
                        "token": " to",
                        "likelihood": 0
                    },
                    {
                        "token": " see",
                        "likelihood": -0.017918011
                    },
                    {
                        "token": " how",
                        "likelihood": -0.016662838
                    },
                    {
                        "token": " it",
                        "likelihood": -0.0011398615
                    },
                    {
                        "token": " helps",
                        "likelihood": -0.80884844
                    },
                    {
                        "token": " our",
                        "likelihood": -0.1185644
                    },
                    {
                        "token": " clients",
                        "likelihood": -0.0005921132
                    },
                    {
                        "token": " achieve",
                        "likelihood": -0.045006324
                    },
                    {
                        "token": " their",
                        "likelihood": -0.000047159858
                    },
                    {
                        "token": " goals",
                        "likelihood": -0.000019743013
                    },
                    {
                        "token": " more",
                        "likelihood": -0.22993797
                    },
                    {
                        "token": " efficiently",
                        "likelihood": -0.00064249965
                    },
                    {
                        "token": ".",
                        "likelihood": -0.0000060345924
                    },
                    {
                        "token": " \n",
                        "likelihood": -0.53689647
                    },
                    {
                        "token": "\n",
                        "likelihood": 0
                    },
                    {
                        "token": "Thank",
                        "likelihood": -0.45332804
                    },
                    {
                        "token": " you",
                        "likelihood": -1.9361265e-7
                    },
                    {
                        "token": " for",
                        "likelihood": -0.051297456
                    },
                    {
                        "token": " your",
                        "likelihood": -0.00016051154
                    },
                    {
                        "token": " dedication",
                        "likelihood": -0.088578634
                    },
                    {
                        "token": " to",
                        "likelihood": -0.0010554377
                    },
                    {
                        "token": " delivering",
                        "likelihood": -0.25818118
                    },
                    {
                        "token": " the",
                        "likelihood": -0.45197982
                    },
                    {
                        "token": " best",
                        "likelihood": -0.0022525531
                    },
                    {
                        "token": " possible",
                        "likelihood": -0.00008780831
                    },
                    {
                        "token": " product",
                        "likelihood": -0.107480265
                    },
                    {
                        "token": ".",
                        "likelihood": -0.017012378
                    },
                    {
                        "token": " Your",
                        "likelihood": -0.0004101772
                    },
                    {
                        "token": " hard",
                        "likelihood": -0.004028888
                    },
                    {
                        "token": " work",
                        "likelihood": -3.1281633e-7
                    },
                    {
                        "token": " and",
                        "likelihood": -0.07742429
                    },
                    {
                        "token": " talent",
                        "likelihood": -0.38503456
                    },
                    {
                        "token": " have",
                        "likelihood": -0.000538378
                    },
                    {
                        "token": " paid",
                        "likelihood": -0.33626497
                    },
                    {
                        "token": " off",
                        "likelihood": 0
                    },
                    {
                        "token": ",",
                        "likelihood": -0.0111597115
                    },
                    {
                        "token": " and",
                        "likelihood": -0.0000018624639
                    },
                    {
                        "token": " I",
                        "likelihood": -0.023691002
                    },
                    {
                        "token": " am",
                        "likelihood": -0.0039886427
                    },
                    {
                        "token": " confident",
                        "likelihood": -0.20978679
                    },
                    {
                        "token": " that",
                        "likelihood": -3.1281633e-7
                    },
                    {
                        "token": " this",
                        "likelihood": -0.003802096
                    },
                    {
                        "token": " service",
                        "likelihood": -0.027359061
                    },
                    {
                        "token": " will",
                        "likelihood": -0.000007107425
                    },
                    {
                        "token": " be",
                        "likelihood": -0.004921939
                    },
                    {
                        "token": " a",
                        "likelihood": -0.0031404013
                    },
                    {
                        "token": " game",
                        "likelihood": -0.2848099
                    },
                    {
                        "token": "-",
                        "likelihood": -0.000008537869
                    },
                    {
                        "token": "changer",
                        "likelihood": -0.0000127099975
                    },
                    {
                        "token": " for",
                        "likelihood": -1.9361265e-7
                    },
                    {
                        "token": " our",
                        "likelihood": -0.000001147242
                    },
                    {
                        "token": " company",
                        "likelihood": -0.036768213
                    },
                    {
                        "token": ".",
                        "likelihood": -7.89631e-7
                    },
                    {
                        "token": " \n",
                        "likelihood": -0.14087664
                    },
                    {
                        "token": "\n",
                        "likelihood": 0
                    },
                    {
                        "token": "I",
                        "likelihood": -1.1198606
                    },
                    {
                        "token": " am",
                        "likelihood": -0.0041765794
                    },
                    {
                        "token": " very",
                        "likelihood": -0.00489062
                    },
                    {
                        "token": " proud",
                        "likelihood": -0.000043464544
                    },
                    {
                        "token": " of",
                        "likelihood": -5.5122365e-7
                    },
                    {
                        "token": " all",
                        "likelihood": -0.023440082
                    },
                    {
                        "token": " of",
                        "likelihood": -0.000011398757
                    },
                    {
                        "token": " you",
                        "likelihood": 0
                    },
                    {
                        "token": ",",
                        "likelihood": -0.061876256
                    },
                    {
                        "token": " and",
                        "likelihood": -3.1281633e-7
                    },
                    {
                        "token": " I",
                        "likelihood": -0.011915893
                    },
                    {
                        "token": " am",
                        "likelihood": -2.0237544
                    },
                    {
                        "token": " excited",
                        "likelihood": -0.00792198
                    },
                    {
                        "token": " to",
                        "likelihood": -1.9361265e-7
                    },
                    {
                        "token": " see",
                        "likelihood": -0.00014716439
                    },
                    {
                        "token": " what",
                        "likelihood": -4.3202e-7
                    },
                    {
                        "token": " we",
                        "likelihood": -0.000011517961
                    },
                    {
                        "token": " can",
                        "likelihood": -0.0000016240566
                    },
                    {
                        "token": " achieve",
                        "likelihood": -0.06872519
                    },
                    {
                        "token": " next",
                        "likelihood": -0.12833348
                    },
                    {
                        "token": ".",
                        "likelihood": -0.0044830544
                    },
                    {
                        "token": " \n",
                        "likelihood": -0.03351279
                    },
                    {
                        "token": "\n",
                        "likelihood": 0
                    },
                    {
                        "token": "Since",
                        "likelihood": -0.016140763
                    },
                    {
                        "token": "rely",
                        "likelihood": -6.704273e-7
                    },
                    {
                        "token": ",",
                        "likelihood": 0
                    },
                    {
                        "token": "\n",
                        "likelihood": -0.024464902
                    },
                    {
                        "token": "\n",
                        "likelihood": -0.2711837
                    },
                    {
                        "token": "[",
                        "likelihood": -0.03961877
                    },
                    {
                        "token": "Your",
                        "likelihood": -0.050073728
                    },
                    {
                        "token": " Name",
                        "likelihood": -0.000057411373
                    },
                    {
                        "token": "]",
                        "likelihood": -0.0001273766
                    },
                    {
                        "token": "\n",
                        "likelihood": -0.00057578966
                    },
                    {
                        "token": "Corporate",
                        "likelihood": -0.22307298
                    },
                    {
                        "token": " Vice",
                        "likelihood": -0.0023682744
                    },
                    {
                        "token": " President",
                        "likelihood": -0.0000030545007
                    },
                    {
                        "token": "\n",
                        "likelihood": -0.0027221334
                    },
                    {
                        "token": "\n",
                        "likelihood": -0.000057411373
                    },
                    {
                        "token": "Does",
                        "likelihood": -0.61347514
                    },
                    {
                        "token": " this",
                        "likelihood": -0.000002220075
                    },
                    {
                        "token": " sound",
                        "likelihood": -0.08741133
                    },
                    {
                        "token": " like",
                        "likelihood": -0.000002220075
                    },
                    {
                        "token": " an",
                        "likelihood": -0.6323754
                    },
                    {
                        "token": " appropriate",
                        "likelihood": -0.00003166338
                    },
                    {
                        "token": " email",
                        "likelihood": -0.20422947
                    },
                    {
                        "token": " to",
                        "likelihood": -0.0000023392786
                    },
                    {
                        "token": " send",
                        "likelihood": -0.012238141
                    },
                    {
                        "token": " to",
                        "likelihood": -0.0013185736
                    },
                    {
                        "token": " a",
                        "likelihood": -0.004985286
                    },
                    {
                        "token": " team",
                        "likelihood": -0.004117104
                    },
                    {
                        "token": " that",
                        "likelihood": -0.000035597102
                    },
                    {
                        "token": " has",
                        "likelihood": -0.31299567
                    },
                    {
                        "token": " just",
                        "likelihood": -0.043246724
                    },
                    {
                        "token": " shipped",
                        "likelihood": -0.009539914
                    },
                    {
                        "token": " a",
                        "likelihood": 0
                    },
                    {
                        "token": " new",
                        "likelihood": -0.0000032906587
                    },
                    {
                        "token": " service",
                        "likelihood": -0.09841674
                    },
                    {
                        "token": "?",
                        "likelihood": -0.000049308033
                    },
                    {
                        "token": " \n",
                        "likelihood": -3.0066807
                    },
                    {
                        "token": "\n",
                        "likelihood": -9.055464e-7
                    },
                    {
                        "token": "I",
                        "likelihood": -0.00036980762
                    },
                    {
                        "token": " can",
                        "likelihood": -0.0024485905
                    },
                    {
                        "token": " rewrite",
                        "likelihood": -1.5934086
                    },
                    {
                        "token": " or",
                        "likelihood": -0.0030325928
                    },
                    {
                        "token": " elaborate",
                        "likelihood": -0.6794231
                    },
                    {
                        "token": " on",
                        "likelihood": -0.000045967376
                    },
                    {
                        "token": " any",
                        "likelihood": -0.000043108244
                    },
                    {
                        "token": " section",
                        "likelihood": -0.079902396
                    },
                    {
                        "token": " of",
                        "likelihood": -0.28784397
                    },
                    {
                        "token": " the",
                        "likelihood": -0.0000028138238
                    },
                    {
                        "token": " letter",
                        "likelihood": -0.10866812
                    },
                    {
                        "token": " to",
                        "likelihood": -0.18726157
                    },
                    {
                        "token": " better",
                        "likelihood": -0.023641648
                    },
                    {
                        "token": " fit",
                        "likelihood": -0.06746637
                    },
                    {
                        "token": " your",
                        "likelihood": -0.0000036482897
                    },
                    {
                        "token": " needs",
                        "likelihood": -0.0003884117
                    },
                    {
                        "token": ".",
                        "likelihood": -0.0029650938
                    },
                    {
                        "token": " ",
                        "likelihood": -0.0019312226
                    }
                ]
            }
        ],
        "timeCreated": "2024-08-12T12:13:19.885Z"
    }
}